<?xml version="1.0" encoding="UTF-8" standalone="yes"?>
<addon id="repository.REPORteste" name="REPO wagner teste" version="1.0" provider-name="WAGNER FERREIRA">
    <extension point="xbmc.addon.repository" name="Nome Repository">
        <dir>
            <info compressed="false">https://raw.githubusercontent.com/wagner1982/REPORteste/master/zips/addons.xml</info>
            <checksum>https://raw.githubusercontent.com/wagner1982/REPORteste/master/zips/addons.xml.md5</checksum>
            <datadir zip="true">https://raw.githubusercontent.com/wagner1982/REPORteste/master/zips/</datadir>
        </dir>
    </extension>
    <extension point="xbmc.addon.metadata">
        <summary>REPO TESTE</summary>
        <description>REPOSITÓRIO EM TESTE</description>
        <disclaimer></disclaimer>
        <platform>all</platform>
        <assets>
            <icon>icon.png</icon>
            <fanart>fanart.jpg</fanart>
        </assets>
    </extension>
</addon>